id,Name,Email Adress,Role,Use Status
1,Gaby Hiddersley,ghiddersley0@typepad.com,Admin,Online
2,Raviv Bilbie,rbilbie1@usatoday.com,Super Admin,Online
3,Robinetta Bassick,rbassick2@prlog.org,Super Admin,Offline
4,Odell Roloff,oroloff3@tripod.com,Super Admin,Offline
5,Lindie Chatainier,lchatainier4@cnbc.com,Super Admin,Online
6,Jemimah Zorro,jzorro5@sciencedirect.com,Admin,Offline
7,Ardyth Swabey,aswabey6@cbc.ca,Super Admin,Offline
8,Ambrosio Cohani,acohani7@ebay.co.uk,Admin,Online
9,Lorraine Springer,lspringer8@blogger.com,Admin,Offline
10,Abby Iacobetto,aiacobetto9@e-recht24.de,Super Admin,Online
11,Stoddard Camerello,scamerelloa@bizjournals.com,Super Admin,Offline
12,Engelbert Gellan,egellanb@theglobeandmail.com,Admin,Offline
13,Keslie Gasparro,kgasparroc@umich.edu,Super Admin,Offline
14,Desmund Iacobassi,diacobassid@hud.gov,Admin,Online
15,Ailis Kestle,akestlee@berkeley.edu,Super Admin,Offline
16,Sabra Choldcroft,scholdcroftf@icq.com,Super Admin,Offline
17,Michal Payfoot,mpayfootg@flavors.me,Super Admin,Offline
18,Sheilakathryn Wasielewski,swasielewskih@usda.gov,Admin,Offline
19,Stu Pryor,spryori@tuttocitta.it,Super Admin,Online
20,Godart Chaplain,gchaplainj@opera.com,Admin,Online
21,Nananne Lathwood,nlathwoodk@tinypic.com,Super Admin,Online
22,Muriel le Keux,mlel@ning.com,Super Admin,Online
23,Merry Eaken,meakenm@hao123.com,Super Admin,Online
24,Georgena Fairleigh,gfairleighn@earthlink.net,Super Admin,Online
25,Daniel Bristoe,dbristoeo@php.net,Super Admin,Online
26,Elnore MacLennan,emaclennanp@umn.edu,Super Admin,Offline
27,Torr Huston,thustonq@illinois.edu,Super Admin,Offline
28,Sauncho Sharrem,ssharremr@hugedomains.com,Admin,Online
29,Leese Berford,lberfords@nature.com,Admin,Offline
30,Bourke Coneley,bconeleyt@phpbb.com,Admin,Online
31,Laurel Berthot,lberthotu@behance.net,Admin,Online
32,Shir Davenell,sdavenellv@goodreads.com,Admin,Offline
33,Clovis Birrel,cbirrelw@meetup.com,Admin,Offline
34,Lea Addey,laddeyx@epa.gov,Admin,Online
35,Anatol Willingam,awillingamy@blinklist.com,Admin,Online
36,Tamiko Shemmans,tshemmansz@jugem.jp,Admin,Offline
37,Debee Boaler,dboaler10@networksolutions.com,Admin,Online
38,Sella Agus,sagus11@economist.com,Super Admin,Online
39,Kelli Spaduzza,kspaduzza12@networkadvertising.org,Admin,Online
40,Pen Leebeter,pleebeter13@upenn.edu,Super Admin,Offline
41,Emelia Benard,ebenard14@sogou.com,Admin,Offline
42,Wallace Tansey,wtansey15@sphinn.com,Super Admin,Offline
43,Audrey Clayson,aclayson16@microsoft.com,Admin,Online
44,Haroun Mulvenna,hmulvenna17@vistaprint.com,Super Admin,Offline
45,Shanan Hamerton,shamerton18@delicious.com,Admin,Online
46,Malva Casini,mcasini19@google.cn,Admin,Online
47,Bartel Kondratenko,bkondratenko1a@yahoo.com,Super Admin,Offline
48,Falito Deyenhardt,fdeyenhardt1b@prweb.com,Admin,Offline
49,Waldon Dubarry,wdubarry1c@reverbnation.com,Admin,Online
50,Roseann Simister,rsimister1d@webs.com,Super Admin,Offline
51,Novelia Bonny,nbonny1e@bizjournals.com,Super Admin,Offline
52,Talbot Antonov,tantonov1f@census.gov,Super Admin,Online
53,Mikkel Youings,myouings1g@storify.com,Super Admin,Offline
54,Myrna Clemenzi,mclemenzi1h@list-manage.com,Admin,Online
55,Misha Horney,mhorney1i@hexun.com,Admin,Offline
56,Ailis Tourle,atourle1j@google.nl,Super Admin,Offline
57,Nataline Critten,ncritten1k@jalbum.net,Super Admin,Offline
58,Melva Andreasson,mandreasson1l@engadget.com,Admin,Online
59,Eveline Meatyard,emeatyard1m@wikipedia.org,Super Admin,Online
60,Gary Corrison,gcorrison1n@wired.com,Admin,Offline
61,Ferrell Rapport,frapport1o@dell.com,Super Admin,Online
62,Violante Baal,vbaal1p@nyu.edu,Admin,Offline
63,Jeana Treadway,jtreadway1q@eepurl.com,Super Admin,Online
64,Olenolin Earingey,oearingey1r@about.me,Admin,Offline
65,Luelle Tuckey,ltuckey1s@comsenz.com,Admin,Online
66,Germayne Bowering,gbowering1t@apache.org,Admin,Offline
67,Miriam Fife,mfife1u@indiegogo.com,Super Admin,Offline
68,Yvonne Baskeyfied,ybaskeyfied1v@phpbb.com,Admin,Offline
69,Rubetta Baudinelli,rbaudinelli1w@disqus.com,Super Admin,Online
70,Gayleen Tessier,gtessier1x@dagondesign.com,Admin,Offline
71,Tallie Drever,tdrever1y@drupal.org,Admin,Online
72,Lombard Elloway,lelloway1z@mediafire.com,Super Admin,Offline
73,Cassy Hovenden,chovenden20@seesaa.net,Super Admin,Offline
74,Kissee Cleare,kcleare21@independent.co.uk,Super Admin,Online
75,Gwenore Libbis,glibbis22@uol.com.br,Admin,Online
76,Joby Braidman,jbraidman23@ucsd.edu,Admin,Online
77,Durante Benne,dbenne24@ustream.tv,Admin,Offline
78,Monti Remon,mremon25@last.fm,Admin,Online
79,Lyssa Santry,lsantry26@bandcamp.com,Admin,Online
80,Juliette Morley,jmorley27@chron.com,Super Admin,Offline
81,Alwyn Fosdick,afosdick28@blogspot.com,Admin,Online
82,Lodovico Rennard,lrennard29@amazonaws.com,Admin,Online
83,Prissie Sammons,psammons2a@yahoo.co.jp,Admin,Online
84,Esme Defond,edefond2b@163.com,Admin,Offline
85,Jermaine Antczak,jantczak2c@wsj.com,Super Admin,Online
86,Pascal Aldrin,paldrin2d@house.gov,Admin,Offline
87,Ophelie Crawshay,ocrawshay2e@baidu.com,Super Admin,Offline
88,Harman Seawright,hseawright2f@fda.gov,Super Admin,Online
89,Garrik Tomblings,gtomblings2g@ask.com,Super Admin,Offline
90,Jamil Benettini,jbenettini2h@freewebs.com,Super Admin,Online
91,Eachelle MacLeese,emacleese2i@t.co,Super Admin,Offline
92,Marie-jeanne Fulep,mfulep2j@netscape.com,Admin,Offline
93,Lizabeth Bond,lbond2k@newsvine.com,Admin,Offline
94,Bamby Hum,bhum2l@sohu.com,Super Admin,Online
95,Anthony Carbin,acarbin2m@forbes.com,Super Admin,Online
96,Anett Portsmouth,aportsmouth2n@cocolog-nifty.com,Admin,Online
97,Craggy Portch,cportch2o@vimeo.com,Admin,Online
98,Codi Whitby,cwhitby2p@intel.com,Super Admin,Online
99,Tracy Knappitt,tknappitt2q@fema.gov,Admin,Online
100,Keenan Bims,kbims2r@sbwire.com,Super Admin,Offline
101,Renata Silverthorne,rsilverthorne2s@chronoengine.com,Super Admin,Offline
102,Wanids Venn,wvenn2t@purevolume.com,Super Admin,Offline
103,Maximilien Troucher,mtroucher2u@nifty.com,Super Admin,Online
104,Brendin Mumm,bmumm2v@purevolume.com,Admin,Offline
105,Sandy McCrory,smccrory2w@weather.com,Admin,Online
106,Marney Kayley,mkayley2x@weebly.com,Admin,Offline
107,Barrett Lomasney,blomasney2y@tamu.edu,Admin,Offline
108,Elsie MacTeggart,emacteggart2z@prweb.com,Super Admin,Online
109,Codee Ruggs,cruggs30@tinyurl.com,Admin,Online
110,Karalee Lenton,klenton31@scribd.com,Super Admin,Offline
111,Massimiliano Solomonides,msolomonides32@omniture.com,Admin,Online
112,Tulley Tupp,ttupp33@nifty.com,Admin,Online
113,Estevan Rosso,erosso34@sina.com.cn,Super Admin,Offline
114,Zachary Effaunt,zeffaunt35@walmart.com,Super Admin,Online
115,Lombard Kinde,lkinde36@sphinn.com,Admin,Offline
116,Victor Marjanovic,vmarjanovic37@plala.or.jp,Admin,Online
117,Leta Gravett,lgravett38@prnewswire.com,Super Admin,Offline
118,Dalenna Hattersley,dhattersley39@ebay.co.uk,Super Admin,Online
119,Camala Lothlorien,clothlorien3a@miitbeian.gov.cn,Super Admin,Offline
120,Shirley Yannikov,syannikov3b@yolasite.com,Admin,Offline
121,Grantham Melody,gmelody3c@springer.com,Super Admin,Online
122,Alphonse Spinks,aspinks3d@buzzfeed.com,Super Admin,Online
123,Jessie Bamborough,jbamborough3e@pbs.org,Super Admin,Offline
124,Elihu Largen,elargen3f@wp.com,Admin,Online
125,Yancey Rimer,yrimer3g@webs.com,Super Admin,Offline
126,Earvin Andrioletti,eandrioletti3h@arizona.edu,Super Admin,Online
127,Roselia Pietri,rpietri3i@typepad.com,Super Admin,Offline
128,Hans Bautiste,hbautiste3j@creativecommons.org,Admin,Online
129,Annecorinne Haney,ahaney3k@facebook.com,Super Admin,Offline
130,Wanda Josephoff,wjosephoff3l@about.com,Super Admin,Offline
131,Yvonne Draaisma,ydraaisma3m@naver.com,Admin,Online
132,Minne Gepheart,mgepheart3n@forbes.com,Admin,Online
133,Jessa Wey,jwey3o@pagesperso-orange.fr,Admin,Offline
134,Clare Tarbath,ctarbath3p@dailymotion.com,Admin,Online
135,Hedvige Brannan,hbrannan3q@abc.net.au,Admin,Online
136,Wilone Belcham,wbelcham3r@imdb.com,Admin,Online
137,Monah Cromleholme,mcromleholme3s@cornell.edu,Super Admin,Online
138,Balduin Vasilischev,bvasilischev3t@ow.ly,Admin,Online
139,Hasty Overthrow,hoverthrow3u@latimes.com,Admin,Offline
140,Jackie Whitten,jwhitten3v@people.com.cn,Admin,Offline
141,Jasmin Francescozzi,jfrancescozzi3w@skype.com,Super Admin,Online
142,Audie Hoggetts,ahoggetts3x@vimeo.com,Super Admin,Offline
143,Ephraim Ashlee,eashlee3y@yale.edu,Admin,Offline
144,Reinhard Sharphouse,rsharphouse3z@jiathis.com,Super Admin,Offline
145,Elise Burchill,eburchill40@thetimes.co.uk,Super Admin,Online
146,Marrilee Huc,mhuc41@mit.edu,Super Admin,Online
147,Augustus Adolthine,aadolthine42@cloudflare.com,Super Admin,Online
148,Guillemette Wilkison,gwilkison43@unblog.fr,Admin,Offline
149,Nevil Burkhill,nburkhill44@friendfeed.com,Super Admin,Offline
150,Laverna MacCostye,lmaccostye45@vk.com,Admin,Offline
151,Birgit Cullip,bcullip46@google.es,Super Admin,Online
152,Torr Ludee,tludee47@tumblr.com,Super Admin,Offline
153,Antony Kirwin,akirwin48@ycombinator.com,Admin,Offline
154,Vin Sterzaker,vsterzaker49@people.com.cn,Admin,Online
155,Cletis Poytress,cpoytress4a@pen.io,Admin,Online
156,Jacquenetta Ancliffe,jancliffe4b@digg.com,Super Admin,Online
157,Bobbi Meas,bmeas4c@usatoday.com,Super Admin,Online
158,Gallagher Hould,ghould4d@home.pl,Admin,Offline
159,Charissa Cunrado,ccunrado4e@edublogs.org,Admin,Offline
160,Merrielle Gilson,mgilson4f@youku.com,Admin,Online
161,Chryste Brunsdon,cbrunsdon4g@weather.com,Super Admin,Online
162,Bud Prester,bprester4h@tripod.com,Admin,Offline
163,Francklin Bratley,fbratley4i@livejournal.com,Admin,Online
164,Elise Pywell,epywell4j@indiegogo.com,Super Admin,Online
165,Jourdan Pepper,jpepper4k@youtube.com,Admin,Online
166,Veronike Cours,vcours4l@wiley.com,Admin,Offline
167,Curtice Gustus,cgustus4m@google.com.br,Admin,Offline
168,Astra Frankiewicz,afrankiewicz4n@cbslocal.com,Admin,Offline
169,Hyacinth Sonschein,hsonschein4o@behance.net,Admin,Online
170,Hertha Thomasset,hthomasset4p@craigslist.org,Admin,Offline
171,Herbie Sillwood,hsillwood4q@flavors.me,Admin,Offline
172,Demetra Blankau,dblankau4r@stumbleupon.com,Admin,Online
173,Shea Clemensen,sclemensen4s@networksolutions.com,Admin,Online
174,Clemente Mateja,cmateja4t@bing.com,Admin,Online
175,Tammi Scaysbrook,tscaysbrook4u@usda.gov,Super Admin,Offline
176,Boycie Salleir,bsalleir4v@flavors.me,Super Admin,Offline
177,Thaine Boyda,tboyda4w@creativecommons.org,Admin,Online
178,Ninnette Branthwaite,nbranthwaite4x@un.org,Super Admin,Online
179,Jerrold Wildes,jwildes4y@guardian.co.uk,Admin,Online
180,Auberon Rieme,arieme4z@epa.gov,Admin,Offline
181,Ludovico Quickfall,lquickfall50@surveymonkey.com,Admin,Offline
182,Wilmar Senecaut,wsenecaut51@bluehost.com,Admin,Offline
183,Portia Casterot,pcasterot52@imageshack.us,Admin,Offline
184,Crystal Trodler,ctrodler53@de.vu,Admin,Offline
185,Lila Bosward,lbosward54@china.com.cn,Super Admin,Online
186,Audre MacAndrew,amacandrew55@simplemachines.org,Super Admin,Online
187,Isahella Lente,ilente56@quantcast.com,Super Admin,Online
188,Mord Yakubowicz,myakubowicz57@tiny.cc,Admin,Online
189,Oralla Pearne,opearne58@java.com,Super Admin,Online
190,Neill Laslett,nlaslett59@paypal.com,Super Admin,Online
191,Loleta Martinovsky,lmartinovsky5a@cargocollective.com,Super Admin,Offline
192,Turner Mc Dermid,tmc5b@washingtonpost.com,Admin,Online
193,Lilllie Artinstall,lartinstall5c@gov.uk,Super Admin,Offline
194,Veradis Agglio,vagglio5d@dmoz.org,Admin,Offline
195,Maximilianus McIlhone,mmcilhone5e@state.tx.us,Admin,Offline
196,Phineas Sandeford,psandeford5f@netscape.com,Admin,Offline
197,Heinrik Pavkovic,hpavkovic5g@theglobeandmail.com,Admin,Online
198,Dory Trebilcock,dtrebilcock5h@amazon.co.uk,Admin,Offline
199,Sascha Kupka,skupka5i@newyorker.com,Admin,Offline
200,Chelsie Ricketts,cricketts5j@dropbox.com,Super Admin,Offline
201,Caren Rizziello,crizziello5k@oracle.com,Admin,Online
202,Elisa Elcombe,eelcombe5l@taobao.com,Super Admin,Online
203,Garwin Tompkinson,gtompkinson5m@tinypic.com,Super Admin,Offline
204,Haley Colbron,hcolbron5n@samsung.com,Super Admin,Online
205,Alard Joannidi,ajoannidi5o@lulu.com,Admin,Online
206,Fayette Keetley,fkeetley5p@domainmarket.com,Admin,Offline
207,Nicholas Tessier,ntessier5q@example.com,Admin,Offline
208,Dare Spleving,dspleving5r@wikipedia.org,Super Admin,Online
209,Oates Pettican,opettican5s@boston.com,Admin,Online
210,Mariana Gudgen,mgudgen5t@cdc.gov,Super Admin,Offline
211,Alick Bamborough,abamborough5u@pagesperso-orange.fr,Admin,Online
212,Latrina Mapletoft,lmapletoft5v@bing.com,Admin,Offline
213,Dona Denizet,ddenizet5w@guardian.co.uk,Admin,Offline
214,Anetta Jouandet,ajouandet5x@yellowpages.com,Admin,Online
215,Johnna Devine,jdevine5y@amazon.co.jp,Admin,Offline
216,Thaddeus Somersett,tsomersett5z@thetimes.co.uk,Super Admin,Online
217,Elenore Cowperthwaite,ecowperthwaite60@i2i.jp,Admin,Online
218,Lawry Abramovic,labramovic61@washingtonpost.com,Super Admin,Offline
219,Guntar Pirkis,gpirkis62@ox.ac.uk,Admin,Offline
220,Mauricio Henrie,mhenrie63@histats.com,Super Admin,Online
221,Mortimer Magister,mmagister64@spiegel.de,Admin,Online
222,Avram Lorek,alorek65@earthlink.net,Super Admin,Offline
223,Deena Verdie,dverdie66@cdbaby.com,Admin,Online
224,Willy Evetts,wevetts67@163.com,Super Admin,Online
225,Delia Kollatsch,dkollatsch68@miitbeian.gov.cn,Super Admin,Offline
226,Audi Yarnell,ayarnell69@reddit.com,Admin,Offline
227,Maud Varren,mvarren6a@live.com,Super Admin,Offline
228,Ted Fenne,tfenne6b@nytimes.com,Super Admin,Online
229,Arlen Sorby,asorby6c@tamu.edu,Super Admin,Offline
230,Humbert Jessup,hjessup6d@behance.net,Super Admin,Online
231,Jazmin Grigsby,jgrigsby6e@usnews.com,Admin,Online
232,Myrtle Cornils,mcornils6f@ebay.co.uk,Super Admin,Online
233,Shannah Pedrazzi,spedrazzi6g@unesco.org,Admin,Online
234,Cherice Strutz,cstrutz6h@angelfire.com,Super Admin,Offline
235,Orlando Dashper,odashper6i@google.es,Admin,Online
236,Budd Meagh,bmeagh6j@ustream.tv,Super Admin,Online
237,Brock Wylam,bwylam6k@slate.com,Super Admin,Offline
238,Gun Satchell,gsatchell6l@mapquest.com,Super Admin,Online
239,Nola Bretherick,nbretherick6m@fotki.com,Admin,Offline
240,Rona Goodyear,rgoodyear6n@digg.com,Super Admin,Offline
241,Brok Ericsson,bericsson6o@mozilla.org,Admin,Offline
242,Tobiah Pendleton,tpendleton6p@domainmarket.com,Admin,Online
243,Adolf Twinberrow,atwinberrow6q@istockphoto.com,Admin,Online
244,Maureene Radclyffe,mradclyffe6r@wunderground.com,Super Admin,Offline
245,Lettie Thrower,lthrower6s@usa.gov,Super Admin,Online
246,Mortimer Hatton,mhatton6t@gov.uk,Admin,Offline
247,Elysia Giacopetti,egiacopetti6u@cam.ac.uk,Super Admin,Offline
248,Andree Werndly,awerndly6v@unblog.fr,Super Admin,Offline
249,Lynelle Kienl,lkienl6w@xrea.com,Admin,Offline
250,Mahala O'Connor,moconnor6x@dot.gov,Super Admin,Online
251,Joe Blann,jblann6y@mit.edu,Super Admin,Offline
252,Eolanda Sterricker,esterricker6z@yandex.ru,Admin,Offline
253,Kare Kerfod,kkerfod70@hhs.gov,Super Admin,Online
254,Jo-ann Hamlin,jhamlin71@about.me,Super Admin,Online
255,Mahmoud Rudd,mrudd72@unc.edu,Super Admin,Offline
256,Randa Orr,rorr73@clickbank.net,Super Admin,Online
257,Bethina Bearman,bbearman74@wikipedia.org,Admin,Online
258,Sascha Annies,sannies75@photobucket.com,Super Admin,Offline
259,Randell Broscombe,rbroscombe76@123-reg.co.uk,Super Admin,Online
260,Minta Frankema,mfrankema77@joomla.org,Super Admin,Offline
261,Luigi Hebbard,lhebbard78@google.co.jp,Admin,Online
262,Michel Pingston,mpingston79@alexa.com,Super Admin,Online
263,Case Lejeune,clejeune7a@ustream.tv,Super Admin,Offline
264,Demetra Rookwell,drookwell7b@webs.com,Super Admin,Online
265,Bonita Geill,bgeill7c@engadget.com,Admin,Online
266,Kattie Wardesworth,kwardesworth7d@spiegel.de,Super Admin,Online
267,Travus Fairburn,tfairburn7e@sphinn.com,Super Admin,Online
268,Gloriane Spinige,gspinige7f@barnesandnoble.com,Admin,Online
269,Cacilia Silverthorn,csilverthorn7g@washingtonpost.com,Admin,Online
270,Olenolin Hinze,ohinze7h@opensource.org,Super Admin,Online
271,Lowell Landall,llandall7i@usa.gov,Admin,Offline
272,Godiva Maith,gmaith7j@delicious.com,Super Admin,Offline
273,Elaina Measen,emeasen7k@wunderground.com,Admin,Offline
274,Mirabel Jeannequin,mjeannequin7l@sun.com,Super Admin,Online
275,Sheri McVicker,smcvicker7m@yahoo.co.jp,Admin,Online
276,Edouard Lemar,elemar7n@microsoft.com,Super Admin,Online
277,Edie Ciobutaro,eciobutaro7o@storify.com,Admin,Offline
278,Augusta Lumber,alumber7p@wsj.com,Admin,Offline
279,Cookie Pawsey,cpawsey7q@quantcast.com,Super Admin,Online
280,Major Brittoner,mbrittoner7r@bluehost.com,Admin,Online
281,Erastus Pesak,epesak7s@zimbio.com,Super Admin,Offline
282,Frasier Aldins,faldins7t@pbs.org,Super Admin,Online
283,Marty Saker,msaker7u@51.la,Super Admin,Offline
284,Iorgos Koop,ikoop7v@4shared.com,Super Admin,Offline
285,Zebadiah Georgievski,zgeorgievski7w@bloglovin.com,Super Admin,Online
286,Sasha Mueller,smueller7x@msu.edu,Super Admin,Online
287,Priscilla Nudde,pnudde7y@toplist.cz,Admin,Online
288,Zachary Kunz,zkunz7z@odnoklassniki.ru,Admin,Offline
289,Elisabet Meigh,emeigh80@forbes.com,Super Admin,Offline
290,Sully Cunradi,scunradi81@ca.gov,Super Admin,Online
291,Halette Woodhall,hwoodhall82@webeden.co.uk,Super Admin,Offline
292,Symon Onians,sonians83@51.la,Super Admin,Offline
293,Demetris Chamberlaine,dchamberlaine84@google.fr,Admin,Online
294,Darb Alben,dalben85@hubpages.com,Super Admin,Offline
295,Jared Foyle,jfoyle86@mapquest.com,Admin,Online
296,Thaddeus Cotte,tcotte87@com.com,Admin,Offline
297,Alberik Birchall,abirchall88@stumbleupon.com,Admin,Offline
298,Read Seggie,rseggie89@discovery.com,Admin,Online
299,Smith Pitcher,spitcher8a@fema.gov,Admin,Online
300,Emelen Vanyashkin,evanyashkin8b@reference.com,Super Admin,Offline
301,Simona Dellenbrook,sdellenbrook8c@angelfire.com,Super Admin,Offline
302,Kenon Rubinowitch,krubinowitch8d@pinterest.com,Super Admin,Offline
303,Estelle Lumsdaine,elumsdaine8e@marketwatch.com,Super Admin,Online
304,Gloria Hebditch,ghebditch8f@nih.gov,Admin,Offline
305,Omero Routhorn,orouthorn8g@deviantart.com,Super Admin,Online
306,Cynthie Orht,corht8h@blogspot.com,Admin,Offline
307,Ines Andrassy,iandrassy8i@nifty.com,Admin,Offline
308,Oralla Hillitt,ohillitt8j@pagesperso-orange.fr,Super Admin,Online
309,Nelia Fiddymont,nfiddymont8k@foxnews.com,Super Admin,Offline
310,Georgine Lorenz,glorenz8l@dailymail.co.uk,Admin,Online
311,Broderic McGlaud,bmcglaud8m@wiley.com,Super Admin,Offline
312,Abby Stammers,astammers8n@si.edu,Super Admin,Offline
313,Miguela Hacquoil,mhacquoil8o@java.com,Admin,Online
314,Jordon Jenicek,jjenicek8p@virginia.edu,Admin,Offline
315,Ara Sponer,asponer8q@storify.com,Super Admin,Online
316,Benni Duesberry,bduesberry8r@123-reg.co.uk,Admin,Offline
317,Dalenna Coey,dcoey8s@dropbox.com,Super Admin,Offline
318,Josefina Folbig,jfolbig8t@oaic.gov.au,Admin,Online
319,Suellen Samuel,ssamuel8u@youtu.be,Super Admin,Online
320,Jayson Lage,jlage8v@mashable.com,Admin,Offline
321,Dianna Mossman,dmossman8w@123-reg.co.uk,Super Admin,Offline
322,Kirk Dannohl,kdannohl8x@google.co.jp,Super Admin,Offline
323,Fayre Baber,fbaber8y@bloglovin.com,Admin,Offline
324,Gilbert Remington,gremington8z@ocn.ne.jp,Super Admin,Online
325,Lev Goldine,lgoldine90@baidu.com,Super Admin,Online
326,Lucais Rudolfer,lrudolfer91@hud.gov,Super Admin,Online
327,Elyssa Millen,emillen92@uiuc.edu,Admin,Online
328,Morlee Forge,mforge93@prnewswire.com,Admin,Offline
329,Olly Thexton,othexton94@time.com,Super Admin,Offline
330,Lurline Dederick,ldederick95@discovery.com,Super Admin,Online
331,Amelia Gartell,agartell96@ftc.gov,Admin,Offline
332,Diane-marie Kivelhan,dkivelhan97@digg.com,Admin,Offline
333,Lorens Exposito,lexposito98@goodreads.com,Super Admin,Offline
334,Lurleen Badger,lbadger99@dyndns.org,Super Admin,Online
335,Cross Van Saltsberg,cvan9a@imdb.com,Admin,Offline
336,Mickie Moyser,mmoyser9b@skype.com,Admin,Offline
337,Lezlie Viel,lviel9c@hostgator.com,Super Admin,Online
338,Ardeen Whiteson,awhiteson9d@deliciousdays.com,Admin,Offline
339,Fancie Elie,felie9e@unicef.org,Super Admin,Offline
340,Willa Buxcy,wbuxcy9f@mozilla.org,Admin,Offline
341,Chery Risbie,crisbie9g@wikispaces.com,Admin,Online
342,Oswell Cowland,ocowland9h@alibaba.com,Admin,Offline
343,Gennifer Tute,gtute9i@kickstarter.com,Admin,Offline
344,Bobbee Biever,bbiever9j@springer.com,Super Admin,Offline
345,Charlene Woodard,cwoodard9k@quantcast.com,Admin,Offline
346,Carey Cooksey,ccooksey9l@seattletimes.com,Admin,Online
347,Novelia Vasilenko,nvasilenko9m@springer.com,Super Admin,Online
348,Wendeline Rocks,wrocks9n@home.pl,Admin,Online
349,Sheryl Munns,smunns9o@zimbio.com,Super Admin,Online
350,Dorine Widd,dwidd9p@webeden.co.uk,Admin,Offline
351,Boniface Mungin,bmungin9q@angelfire.com,Super Admin,Online
352,Marketa Ebden,mebden9r@shop-pro.jp,Admin,Online
353,Dolli Ragborne,dragborne9s@soup.io,Super Admin,Online
354,Marmaduke Goade,mgoade9t@princeton.edu,Super Admin,Offline
355,Merrilee De Robertis,mde9u@surveymonkey.com,Super Admin,Online
356,Dione Babidge,dbabidge9v@ibm.com,Super Admin,Offline
357,Donnie Baterip,dbaterip9w@cnet.com,Super Admin,Online
358,Reginald Whickman,rwhickman9x@uiuc.edu,Super Admin,Offline
359,Gwen Scallan,gscallan9y@mysql.com,Super Admin,Offline
360,Skip Cliff,scliff9z@bloomberg.com,Super Admin,Offline
361,Clementine Bremmell,cbremmella0@php.net,Super Admin,Offline
362,Micki Notti,mnottia1@soup.io,Admin,Offline
363,Lammond Hebbes,lhebbesa2@answers.com,Super Admin,Offline
364,Adolphus Oneile,aoneilea3@uol.com.br,Admin,Offline
365,Cletis Gilstin,cgilstina4@shinystat.com,Super Admin,Online
366,Paddy Hammerson,phammersona5@guardian.co.uk,Super Admin,Online
367,Willie Tether,wtethera6@bluehost.com,Super Admin,Online
368,Nari Bamling,nbamlinga7@booking.com,Admin,Offline
369,Tibold Wilson,twilsona8@weebly.com,Super Admin,Offline
370,Neddie Sooley,nsooleya9@google.ru,Super Admin,Online
371,Janina Lunge,jlungeaa@upenn.edu,Super Admin,Offline
372,Brandie Pehrsson,bpehrssonab@jiathis.com,Super Admin,Offline
373,Ephrem Kidney,ekidneyac@jugem.jp,Admin,Online
374,Martguerita Eykelhof,meykelhofad@blogs.com,Super Admin,Online
375,Leese Lequeux,llequeuxae@nature.com,Admin,Offline
376,Kristina Pressey,kpresseyaf@odnoklassniki.ru,Admin,Online
377,Carmelle Risdall,crisdallag@drupal.org,Super Admin,Online
378,Karee Bortolutti,kbortoluttiah@skyrock.com,Super Admin,Online
379,Mathe Wiskar,mwiskarai@hud.gov,Admin,Offline
380,Hort Whellams,hwhellamsaj@creativecommons.org,Super Admin,Offline
381,Merry Minihan,mminihanak@baidu.com,Super Admin,Online
382,Alvie Flatley,aflatleyal@booking.com,Admin,Offline
383,Alex Poplee,apopleeam@pen.io,Admin,Online
384,Gisele Rominov,grominovan@irs.gov,Super Admin,Online
385,Meredith Trimmell,mtrimmellao@sciencedirect.com,Super Admin,Online
386,Ellene Hurran,ehurranap@abc.net.au,Super Admin,Offline
387,Zebedee Breckin,zbreckinaq@adobe.com,Super Admin,Offline
388,Eadie Scandroot,escandrootar@state.gov,Admin,Online
389,Asa Robardet,arobardetas@blogger.com,Super Admin,Online
390,Loella Barbery,lbarberyat@biblegateway.com,Super Admin,Offline
391,Alanah Allard,aallardau@sohu.com,Admin,Offline
392,Nichol Donoghue,ndonoghueav@mlb.com,Admin,Offline
393,Eziechiele Freshwater,efreshwateraw@sun.com,Super Admin,Offline
394,Lorrie Venning,lvenningax@yahoo.com,Super Admin,Online
395,Abe Antonazzi,aantonazziay@comsenz.com,Admin,Offline
396,Oliy Gohier,ogohieraz@fotki.com,Super Admin,Online
397,Bianka Salman,bsalmanb0@gmpg.org,Super Admin,Offline
398,Kristoforo Demeter,kdemeterb1@simplemachines.org,Admin,Offline
399,Wendeline Medway,wmedwayb2@bandcamp.com,Admin,Online
400,Florida Garretts,fgarrettsb3@home.pl,Admin,Offline
401,Dion Morten,dmortenb4@globo.com,Admin,Online
402,Diena Cristofolo,dcristofolob5@naver.com,Admin,Online
403,Ursuline McDowell,umcdowellb6@qq.com,Super Admin,Offline
404,Michel Mellem,mmellemb7@naver.com,Admin,Offline
405,Gaby McManus,gmcmanusb8@uiuc.edu,Admin,Offline
406,Anica Duester,aduesterb9@wix.com,Admin,Online
407,Mala Mardlin,mmardlinba@icq.com,Super Admin,Offline
408,Emanuel Shoorbrooke,eshoorbrookebb@usgs.gov,Admin,Online
409,Ed Commucci,ecommuccibc@mlb.com,Admin,Online
410,Napoleon Ellerby,nellerbybd@homestead.com,Admin,Offline
411,Belvia Ineson,binesonbe@delicious.com,Super Admin,Online
412,Jaine Truluck,jtruluckbf@sciencedaily.com,Super Admin,Offline
413,Robert Girardengo,rgirardengobg@skyrock.com,Super Admin,Online
414,Lock Vidgeon,lvidgeonbh@facebook.com,Super Admin,Online
415,Tracey Rolley,trolleybi@nasa.gov,Admin,Online
416,Lancelot Darch,ldarchbj@prlog.org,Admin,Online
417,Elia Dran,edranbk@washingtonpost.com,Super Admin,Offline
418,Hermine Slocom,hslocombl@vinaora.com,Super Admin,Offline
419,Gregg Beirne,gbeirnebm@nifty.com,Admin,Online
420,Dari Pickles,dpicklesbn@loc.gov,Admin,Offline
421,Blane Morrall,bmorrallbo@etsy.com,Admin,Offline
422,Sigismund Bethune,sbethunebp@clickbank.net,Super Admin,Online
423,Griz Grimble,ggrimblebq@angelfire.com,Super Admin,Offline
424,Mable Curnokk,mcurnokkbr@twitpic.com,Super Admin,Offline
425,Townsend Thornley,tthornleybs@desdev.cn,Admin,Online
426,Kinna Stocken,kstockenbt@miibeian.gov.cn,Super Admin,Offline
427,Lula Bursnall,lbursnallbu@scribd.com,Super Admin,Online
428,Jody Swyre,jswyrebv@miibeian.gov.cn,Admin,Online
429,Martelle Delgua,mdelguabw@ebay.co.uk,Super Admin,Online
430,Charil Warby,cwarbybx@theguardian.com,Admin,Offline
431,Eduino Bilbrooke,ebilbrookeby@51.la,Admin,Offline
432,Nesta Colvine,ncolvinebz@digg.com,Admin,Offline
433,Johna Bennet,jbennetc0@economist.com,Admin,Offline
434,Julienne Ivel,jivelc1@live.com,Admin,Offline
435,Hank Matiewe,hmatiewec2@odnoklassniki.ru,Super Admin,Online
436,Gwyneth Spurling,gspurlingc3@narod.ru,Admin,Online
437,Torrey Dower,tdowerc4@mtv.com,Admin,Offline
438,Jaimie MacCaig,jmaccaigc5@flavors.me,Admin,Offline
439,Debbie Billiard,dbilliardc6@cnet.com,Super Admin,Offline
440,Willie Sentinella,wsentinellac7@surveymonkey.com,Super Admin,Offline
441,Cheston Honig,chonigc8@com.com,Super Admin,Online
442,Kailey Cubbin,kcubbinc9@google.ru,Admin,Offline
443,Chester Dubique,cdubiqueca@icq.com,Admin,Online
444,Lenora Harriot,lharriotcb@addthis.com,Super Admin,Online
445,Fidela Grigorio,fgrigoriocc@illinois.edu,Super Admin,Online
446,Ailene Neno,anenocd@google.nl,Admin,Online
447,Whitney Christauffour,wchristauffource@accuweather.com,Super Admin,Offline
448,Erick Pesticcio,epesticciocf@ebay.com,Admin,Online
449,Erminie Doust,edoustcg@statcounter.com,Super Admin,Online
450,Alissa Chadwen,achadwench@blog.com,Admin,Online
451,Giorgia Fuzzens,gfuzzensci@canalblog.com,Admin,Offline
452,Elbertine Stubbins,estubbinscj@w3.org,Super Admin,Online
453,Brita Antoniak,bantoniakck@independent.co.uk,Admin,Online
454,Rodolfo Schwier,rschwiercl@sciencedirect.com,Super Admin,Online
455,Lamont Bedward,lbedwardcm@bizjournals.com,Admin,Online
456,Mozes Siss,msisscn@flickr.com,Admin,Offline
457,Druci Baldinotti,dbaldinottico@dailymail.co.uk,Super Admin,Online
458,Yard Paffett,ypaffettcp@liveinternet.ru,Admin,Offline
459,Roosevelt Monard,rmonardcq@a8.net,Super Admin,Online
460,Shara Downgate,sdowngatecr@ning.com,Super Admin,Offline
461,Lissi Barrat,lbarratcs@zimbio.com,Admin,Online
462,Laurence Edmand,ledmandct@omniture.com,Super Admin,Offline
463,Paule Akess,pakesscu@privacy.gov.au,Admin,Online
464,Julita Beadell,jbeadellcv@utexas.edu,Super Admin,Offline
465,Dian Brownlow,dbrownlowcw@pinterest.com,Admin,Offline
466,Shayne Westcarr,swestcarrcx@bloglovin.com,Super Admin,Online
467,Wanids Mugg,wmuggcy@rakuten.co.jp,Super Admin,Offline
468,Bald Klewi,bklewicz@yolasite.com,Super Admin,Online
469,Dyane Dumphrey,ddumphreyd0@elpais.com,Super Admin,Offline
470,Alexandre Dronsfield,adronsfieldd1@rakuten.co.jp,Super Admin,Online
471,Beryl Leaman,bleamand2@baidu.com,Admin,Offline
472,Barnabe Papaccio,bpapacciod3@taobao.com,Admin,Online
473,Eduard Garrick,egarrickd4@mozilla.com,Admin,Offline
474,Shelbi Tyre,styred5@diigo.com,Super Admin,Offline
475,Todd Kochlin,tkochlind6@prweb.com,Super Admin,Online
476,Adi Page,apaged7@blinklist.com,Super Admin,Online
477,Jilli Reside,jresided8@huffingtonpost.com,Super Admin,Online
478,Violette Burkill,vburkilld9@w3.org,Admin,Online
479,Rees Cancelier,rcancelierda@buzzfeed.com,Super Admin,Online
480,Tarrance Baxstar,tbaxstardb@shop-pro.jp,Super Admin,Offline
481,Arliene Rodd,arodddc@opera.com,Super Admin,Offline
482,Phyllys M'Barron,pmbarrondd@posterous.com,Admin,Online
483,Adriena Flather,aflatherde@mysql.com,Admin,Online
484,Patton Jeffels,pjeffelsdf@baidu.com,Admin,Offline
485,Wilfred Chilver,wchilverdg@fastcompany.com,Super Admin,Offline
486,Kellby Coldbath,kcoldbathdh@bluehost.com,Super Admin,Offline
487,Vannie Santos,vsantosdi@google.es,Admin,Offline
488,Mendy Mapston,mmapstondj@gmpg.org,Admin,Offline
489,April Chell,achelldk@fotki.com,Super Admin,Online
490,Birk Retallick,bretallickdl@umich.edu,Super Admin,Online
491,Betteann Casacchia,bcasacchiadm@netvibes.com,Super Admin,Offline
492,Janie Sandever,jsandeverdn@ycombinator.com,Super Admin,Offline
493,Gwendolen Lescop,glescopdo@wisc.edu,Admin,Offline
494,Sybila Aleksidze,saleksidzedp@phpbb.com,Super Admin,Offline
495,Brynna Craufurd,bcraufurddq@google.ca,Admin,Online
496,Mildred Brockie,mbrockiedr@ameblo.jp,Super Admin,Offline
497,Dannye Rothschild,drothschildds@chicagotribune.com,Admin,Offline
498,Malanie Cringle,mcringledt@instagram.com,Admin,Online
499,Lia Tutsell,ltutselldu@princeton.edu,Admin,Offline
500,Maureen Di Meo,mdidv@economist.com,Admin,Offline
501,Cornelius Royse,croysedw@freewebs.com,Super Admin,Offline
502,Berke O'Moylane,bomoylanedx@mail.ru,Super Admin,Offline
503,Ernestine Maving,emavingdy@smugmug.com,Super Admin,Online
504,Giuditta Norris,gnorrisdz@cam.ac.uk,Super Admin,Offline
505,Hyacinthie Stanbury,hstanburye0@paypal.com,Admin,Online
506,Celia Trimby,ctrimbye1@sourceforge.net,Admin,Online
507,Lexi Vogelein,lvogeleine2@yandex.ru,Admin,Offline
508,Wallache Bielfeld,wbielfelde3@storify.com,Super Admin,Online
509,Olwen Senter,osentere4@timesonline.co.uk,Admin,Offline
510,Keslie Lapidus,klapiduse5@mail.ru,Super Admin,Offline
511,Starr Mulvaney,smulvaneye6@theglobeandmail.com,Super Admin,Offline
512,Constance Finnemore,cfinnemoree7@nydailynews.com,Super Admin,Online
513,Jule Bustin,jbustine8@hp.com,Super Admin,Offline
514,Molli Waterhous,mwaterhouse9@businessweek.com,Admin,Online
515,Teresa Culcheth,tculchethea@nsw.gov.au,Super Admin,Offline
516,Lonnard Geill,lgeilleb@livejournal.com,Super Admin,Offline
517,Tyrus Tidbold,ttidboldec@ifeng.com,Admin,Offline
518,Jaimie Oliveras,joliverased@globo.com,Super Admin,Offline
519,Nealson Jukubczak,njukubczakee@vkontakte.ru,Admin,Offline
520,Portia Wordley,pwordleyef@scribd.com,Super Admin,Online
521,Abby Wyman,awymaneg@slate.com,Super Admin,Online
522,Creighton Conniam,cconniameh@nba.com,Admin,Offline
523,Micah Ferran,mferranei@bluehost.com,Super Admin,Online
524,Granger Cubberley,gcubberleyej@msu.edu,Admin,Offline
525,Wit Collman,wcollmanek@ft.com,Admin,Offline
526,Mattie McKeevers,mmckeeversel@virginia.edu,Super Admin,Offline
527,Marybelle Blewitt,mblewittem@google.com.hk,Super Admin,Online
528,Shandy Aire,saireen@ca.gov,Admin,Online
529,Hermon Hullett,hhulletteo@unc.edu,Super Admin,Online
530,Dorena Jouhning,djouhningep@netlog.com,Admin,Offline
531,Goldi Macrae,gmacraeeq@phoca.cz,Admin,Offline
532,Holt Fontenot,hfontenoter@nydailynews.com,Admin,Online
533,Chloe Blucher,cblucheres@marketwatch.com,Admin,Offline
534,Lowe Weston,lwestonet@marriott.com,Admin,Offline
535,Alberik Yeomans,ayeomanseu@seesaa.net,Super Admin,Offline
536,Rebecka Cleft,rcleftev@tripod.com,Super Admin,Offline
537,Jemie Kinnon,jkinnonew@google.fr,Admin,Offline
538,Winona Staden,wstadenex@time.com,Admin,Online
539,Hedda Hilling,hhillingey@wordpress.org,Super Admin,Online
540,Cris Soonhouse,csoonhouseez@twitter.com,Admin,Offline
541,Darb Treasaden,dtreasadenf0@cnbc.com,Admin,Online
542,Kingsley Demare,kdemaref1@epa.gov,Admin,Online
543,Darya Coyte,dcoytef2@google.ca,Super Admin,Online
544,Veronike Pusill,vpusillf3@theguardian.com,Admin,Offline
545,Harlene Hazleton,hhazletonf4@topsy.com,Admin,Online
546,Filip Martinson,fmartinsonf5@nbcnews.com,Admin,Online
547,Christan Stanbrooke,cstanbrookef6@cnn.com,Admin,Offline
548,Ricki Lanfere,rlanferef7@ibm.com,Admin,Online
549,Carrie Sainsberry,csainsberryf8@barnesandnoble.com,Admin,Online
550,Pansie Abramowsky,pabramowskyf9@fda.gov,Admin,Online
551,Gib Newlove,gnewlovefa@indiatimes.com,Super Admin,Online
552,Kore Peret,kperetfb@biblegateway.com,Super Admin,Offline
553,Ugo Dunne,udunnefc@sciencedirect.com,Admin,Online
554,Garrott Dunniom,gdunniomfd@state.gov,Super Admin,Offline
555,Claresta Bapty,cbaptyfe@themeforest.net,Admin,Online
556,Fawn Kynaston,fkynastonff@dion.ne.jp,Admin,Online
557,Gates Vittery,gvitteryfg@amazon.co.jp,Admin,Online
558,Ealasaid Brosel,ebroselfh@blogs.com,Super Admin,Online
559,Josy Zouch,jzouchfi@stanford.edu,Admin,Offline
560,Deerdre Renad,drenadfj@1und1.de,Admin,Offline
561,Elisabetta Gordon,egordonfk@whitehouse.gov,Super Admin,Online
562,Elnar Matkin,ematkinfl@wiley.com,Admin,Offline
563,Sunshine Hatzar,shatzarfm@smugmug.com,Admin,Offline
564,Eleen Chidzoy,echidzoyfn@miitbeian.gov.cn,Admin,Online
565,Gardie de Chastelain,gdefo@tinypic.com,Super Admin,Offline
566,Audi Turtle,aturtlefp@goo.gl,Admin,Online
567,Nanine Syvret,nsyvretfq@tinypic.com,Admin,Online
568,Andree Carney,acarneyfr@4shared.com,Admin,Online
569,Obed Pine,opinefs@nbcnews.com,Admin,Online
570,Hoyt Fulep,hfulepft@issuu.com,Admin,Offline
571,Warren Tee,wteefu@prnewswire.com,Admin,Offline
572,Cherrita Fideler,cfidelerfv@dailymotion.com,Admin,Online
573,Ag Icke,aickefw@wordpress.org,Admin,Online
574,Janine Axell,jaxellfx@shareasale.com,Admin,Offline
575,Ramsay Davitti,rdavittify@bloglovin.com,Admin,Online
576,Flint Itzhaiek,fitzhaiekfz@tuttocitta.it,Super Admin,Offline
577,Merla Fitzackerley,mfitzackerleyg0@census.gov,Admin,Offline
578,Francisco Dehm,fdehmg1@hhs.gov,Admin,Offline
579,Nadia Aggs,naggsg2@wired.com,Super Admin,Offline
580,Patrice Smallman,psmallmang3@miibeian.gov.cn,Admin,Offline
581,Bryant Saggers,bsaggersg4@istockphoto.com,Super Admin,Offline
582,Phil McNeilly,pmcneillyg5@php.net,Admin,Online
583,Chere Stockau,cstockaug6@lulu.com,Super Admin,Online
584,Celine Sommerly,csommerlyg7@si.edu,Super Admin,Offline
585,Cristi Cortes,ccortesg8@phoca.cz,Super Admin,Online
586,Inesita Ambler,iamblerg9@aboutads.info,Admin,Offline
587,Jae Skippon,jskipponga@tumblr.com,Admin,Offline
588,Gay Plaster,gplastergb@topsy.com,Admin,Offline
589,Sherry Petraitis,spetraitisgc@acquirethisname.com,Admin,Offline
590,Ambrose Matches,amatchesgd@sina.com.cn,Super Admin,Online
591,Gar Rudiger,grudigerge@smh.com.au,Admin,Online
592,Chandler Aickin,caickingf@ocn.ne.jp,Admin,Online
593,Berty Androck,bandrockgg@ustream.tv,Super Admin,Offline
594,Britt Turbard,bturbardgh@washington.edu,Super Admin,Offline
595,Marna Latch,mlatchgi@wordpress.org,Super Admin,Offline
596,Gregorio Southwood,gsouthwoodgj@xinhuanet.com,Admin,Online
597,Dore Kliement,dkliementgk@vimeo.com,Admin,Offline
598,Hayley Drivers,hdriversgl@twitpic.com,Super Admin,Offline
599,Diandra Burnhams,dburnhamsgm@discuz.net,Super Admin,Offline
600,Darrick Courtes,dcourtesgn@salon.com,Admin,Online
601,Lynne Christophersen,lchristophersengo@cnbc.com,Super Admin,Online
602,Cindelyn Cavilla,ccavillagp@alibaba.com,Admin,Offline
603,Barthel Stormonth,bstormonthgq@unblog.fr,Admin,Offline
604,Kaylyn Doneld,kdoneldgr@addthis.com,Admin,Online
605,Corrie Hurry,churrygs@nhs.uk,Admin,Offline
606,Jethro Mougin,jmougingt@seesaa.net,Admin,Online
607,George Jindacek,gjindacekgu@earthlink.net,Super Admin,Offline
608,Emmet Laven,elavengv@so-net.ne.jp,Super Admin,Online
609,Egon Stubbington,estubbingtongw@bbb.org,Super Admin,Offline
610,Bone Biesinger,bbiesingergx@flickr.com,Admin,Online
611,Rozamond Botwright,rbotwrightgy@weibo.com,Super Admin,Offline
612,Mureil Gent,mgentgz@arizona.edu,Admin,Offline
613,Ophelie Aujean,oaujeanh0@ovh.net,Admin,Online
614,Hamel Camlin,hcamlinh1@cnet.com,Super Admin,Online
615,Shepard Joisce,sjoisceh2@buzzfeed.com,Super Admin,Online
616,Gay Pulfer,gpulferh3@mashable.com,Super Admin,Online
617,Jillie Phaup,jphauph4@github.io,Super Admin,Offline
618,Bryanty Sandison,bsandisonh5@delicious.com,Super Admin,Online
619,Stephani Attewell,sattewellh6@google.com.au,Super Admin,Offline
620,Anestassia Stollberger,astollbergerh7@bloglovin.com,Admin,Online
621,Eugene Lillywhite,elillywhiteh8@over-blog.com,Admin,Online
622,Wren Darker,wdarkerh9@instagram.com,Super Admin,Offline
623,Serge Weller,swellerha@zimbio.com,Admin,Offline
624,Rolland Camelia,rcameliahb@ebay.com,Admin,Offline
625,Sherm Comfort,scomforthc@nymag.com,Super Admin,Online
626,Olympe Sterte,ostertehd@ebay.co.uk,Super Admin,Offline
627,Ron Grishaev,rgrishaevhe@google.de,Super Admin,Online
628,Annelise Marwood,amarwoodhf@unblog.fr,Super Admin,Offline
629,Dollie Misson,dmissonhg@shareasale.com,Super Admin,Offline
630,Sherlocke Renshell,srenshellhh@spotify.com,Admin,Online
631,Randie Dellit,rdellithi@weibo.com,Super Admin,Online
632,Devlen Akess,dakesshj@macromedia.com,Admin,Offline
633,Kellie Payn,kpaynhk@mapquest.com,Admin,Offline
634,Myrtle Goggey,mgoggeyhl@businesswire.com,Super Admin,Online
635,Gerick Joost,gjoosthm@cisco.com,Admin,Offline
636,Angeli Faint,afainthn@discuz.net,Super Admin,Online
637,Olivie Kleinerman,okleinermanho@upenn.edu,Admin,Offline
638,Aliza Fenning,afenninghp@1und1.de,Admin,Online
639,Tami De Bruijn,tdehq@google.es,Admin,Offline
640,Raynell Puden,rpudenhr@foxnews.com,Super Admin,Offline
641,Velvet Boobyer,vboobyerhs@livejournal.com,Admin,Online
642,Mano Tattersdill,mtattersdillht@yale.edu,Super Admin,Online
643,Sybil Graveney,sgraveneyhu@yellowbook.com,Admin,Online
644,Madalyn Anglim,manglimhv@slideshare.net,Admin,Offline
645,Demetri Lebourn,dlebournhw@hubpages.com,Admin,Offline
646,Ines MacKaile,imackailehx@deviantart.com,Admin,Online
647,Forest Wann,fwannhy@fastcompany.com,Admin,Offline
648,Maitilde Davydoch,mdavydochhz@sohu.com,Admin,Online
649,Denys Skeffington,dskeffingtoni0@psu.edu,Admin,Online
650,Maximilien Chappell,mchappelli1@sohu.com,Admin,Online
651,Madelena Yezafovich,myezafovichi2@businesswire.com,Super Admin,Online
652,Isidore Jeyness,ijeynessi3@sina.com.cn,Super Admin,Offline
653,Vitoria Fildes,vfildesi4@yolasite.com,Admin,Offline
654,Ardyth Joost,ajoosti5@apache.org,Super Admin,Online
655,Giraud Duckwith,gduckwithi6@oaic.gov.au,Super Admin,Online
656,Nonnah Healy,nhealyi7@mail.ru,Super Admin,Offline
657,Sigrid Shapland,sshaplandi8@toplist.cz,Admin,Online
658,Beaufort Skrine,bskrinei9@slate.com,Super Admin,Online
659,Penni Goodwin,pgoodwinia@tripod.com,Admin,Offline
660,Heath Kerswell,hkerswellib@sina.com.cn,Admin,Offline
661,Ollie Kingsland,okingslandic@admin.ch,Super Admin,Offline
662,Beaufort Calder,bcalderid@bloomberg.com,Super Admin,Online
663,Tamara Denisovo,tdenisovoie@mapy.cz,Super Admin,Online
664,Zelda Ogborn,zogbornif@amazon.co.jp,Admin,Online
665,Goldia Hritzko,ghritzkoig@narod.ru,Super Admin,Online
666,Shoshana Pieter,spieterih@amazon.com,Admin,Online
667,Caitrin Hewes,chewesii@cmu.edu,Admin,Online
668,Irvine Bracco,ibraccoij@harvard.edu,Admin,Offline
669,Dalila Pecht,dpechtik@e-recht24.de,Super Admin,Online
670,Chelsie Rosario,crosarioil@prnewswire.com,Admin,Online
671,Rickie Bozward,rbozwardim@umn.edu,Admin,Online
672,Chev Reveley,creveleyin@wikimedia.org,Admin,Online
673,Romain Mustoo,rmustooio@bravesites.com,Admin,Online
674,Leonhard Eastmead,leastmeadip@addthis.com,Admin,Offline
675,Titos Decroix,tdecroixiq@walmart.com,Admin,Online
676,Guilbert Longman,glongmanir@pbs.org,Admin,Online
677,Esmeralda Franzetti,efranzettiis@reverbnation.com,Admin,Offline
678,Shurwood Thaim,sthaimit@wunderground.com,Admin,Online
679,Gracia Treasure,gtreasureiu@xing.com,Admin,Online
680,Terrence Osboldstone,tosboldstoneiv@zdnet.com,Super Admin,Offline
681,Georgette Duran,gduraniw@uiuc.edu,Admin,Offline
682,Aurelie Gierhard,agierhardix@digg.com,Super Admin,Offline
683,Iolande Quilleash,iquilleashiy@ocn.ne.jp,Super Admin,Online
684,Innis Mance,imanceiz@infoseek.co.jp,Admin,Online
685,Merrily O'Boyle,moboylej0@paypal.com,Admin,Online
686,Jillayne Goldbourn,jgoldbournj1@feedburner.com,Super Admin,Online
687,Fionna de Courcey,fdej2@blogs.com,Super Admin,Offline
688,Yule Beeres,ybeeresj3@cloudflare.com,Super Admin,Online
689,Orren Brind,obrindj4@xing.com,Admin,Online
690,Cristie Le Sarr,clej5@archive.org,Admin,Online
691,Jonathan Limerick,jlimerickj6@craigslist.org,Super Admin,Offline
692,Guillermo Neligan,gneliganj7@ihg.com,Super Admin,Online
693,Riordan Conochie,rconochiej8@ucla.edu,Super Admin,Offline
694,Gay Getcliffe,ggetcliffej9@ezinearticles.com,Super Admin,Online
695,Vincent Deabill,vdeabillja@nsw.gov.au,Admin,Offline
696,Willem Dossit,wdossitjb@dell.com,Admin,Offline
697,Bren Nehls,bnehlsjc@chicagotribune.com,Super Admin,Offline
698,Emanuel Gillis,egillisjd@google.nl,Admin,Offline
699,Andriana Pickerin,apickerinje@kickstarter.com,Super Admin,Offline
700,Arthur Jarville,ajarvillejf@technorati.com,Admin,Online
701,Rianon Human,rhumanjg@goo.gl,Admin,Online
702,Shirline Smallpeace,ssmallpeacejh@uol.com.br,Admin,Offline
703,Hal Curton,hcurtonji@goodreads.com,Admin,Online
704,Helaina Junkin,hjunkinjj@google.co.jp,Super Admin,Offline
705,Steffane Baulch,sbaulchjk@phpbb.com,Admin,Online
706,Tony Ygoe,tygoejl@washingtonpost.com,Admin,Offline
707,Jessica Harburtson,jharburtsonjm@auda.org.au,Super Admin,Online
708,Chen Bradnick,cbradnickjn@webnode.com,Admin,Offline
709,Milka Kilroy,mkilroyjo@dagondesign.com,Super Admin,Online
710,Gil Dufour,gdufourjp@eventbrite.com,Super Admin,Online
711,Enrica Sutcliff,esutcliffjq@reuters.com,Admin,Online
712,Izak Kennelly,ikennellyjr@rambler.ru,Super Admin,Online
713,Davis Oakey,doakeyjs@360.cn,Admin,Online
714,Marty Cheley,mcheleyjt@intel.com,Super Admin,Offline
715,Korey Dishman,kdishmanju@pagesperso-orange.fr,Super Admin,Online
716,Catie Trillo,ctrillojv@nps.gov,Super Admin,Offline
717,Jethro Blurton,jblurtonjw@digg.com,Admin,Offline
718,Jorry Kupper,jkupperjx@ocn.ne.jp,Admin,Offline
719,Tildy Lesper,tlesperjy@google.co.uk,Admin,Offline
720,Peggy Waddam,pwaddamjz@bbb.org,Admin,Online
721,Benni Sego,bsegok0@pinterest.com,Admin,Online
722,Terese Coleson,tcolesonk1@sohu.com,Super Admin,Offline
723,Marsiella Farish,mfarishk2@businesswire.com,Super Admin,Offline
724,Krystalle Rushmer,krushmerk3@blinklist.com,Super Admin,Offline
725,Cecil Clowsley,cclowsleyk4@homestead.com,Admin,Offline
726,Flore Beaves,fbeavesk5@state.tx.us,Admin,Offline
727,Kain Sign,ksignk6@clickbank.net,Super Admin,Online
728,Tiffany Linskey,tlinskeyk7@desdev.cn,Admin,Offline
729,Darnell Leatherland,dleatherlandk8@telegraph.co.uk,Super Admin,Offline
730,Brock Asmus,basmusk9@bloglovin.com,Admin,Offline
731,Claudia Baxill,cbaxillka@skype.com,Admin,Offline
732,Prudi Swindles,pswindleskb@yale.edu,Admin,Offline
733,Kelly Corcut,kcorcutkc@google.com,Super Admin,Offline
734,Burch Folk,bfolkkd@psu.edu,Super Admin,Offline
735,Ruy Volette,rvoletteke@plala.or.jp,Admin,Offline
736,Geneva Stable,gstablekf@yandex.ru,Admin,Offline
737,Hestia Lindenbluth,hlindenbluthkg@amazon.com,Admin,Online
738,Pieter Pittham,ppitthamkh@ovh.net,Admin,Online
739,Umeko Ebden,uebdenki@deviantart.com,Super Admin,Online
740,Nickolaus Steanson,nsteansonkj@fda.gov,Admin,Offline
741,Emmalyn Challes,echalleskk@godaddy.com,Super Admin,Offline
742,Donnie Wasling,dwaslingkl@biglobe.ne.jp,Super Admin,Online
743,Konstance Rapin,krapinkm@squarespace.com,Admin,Online
744,Bobbi Lowfill,blowfillkn@theatlantic.com,Super Admin,Offline
745,Jacinta Wenden,jwendenko@microsoft.com,Super Admin,Offline
746,Sibelle Durning,sdurningkp@wikia.com,Admin,Offline
747,Godard Devine,gdevinekq@reddit.com,Super Admin,Offline
748,Marja Ailmer,mailmerkr@youku.com,Super Admin,Offline
749,Kacie Balas,kbalasks@ted.com,Admin,Online
750,Artemis Large,alargekt@goo.gl,Admin,Online
751,Norry Varnam,nvarnamku@lulu.com,Admin,Offline
752,Artemus Hundley,ahundleykv@diigo.com,Super Admin,Online
753,Gertrude Doneld,gdoneldkw@linkedin.com,Admin,Online
754,Osmund Sackey,osackeykx@discovery.com,Admin,Online
755,Mose Fields,mfieldsky@addthis.com,Super Admin,Online
756,Falkner McKennan,fmckennankz@ibm.com,Super Admin,Online
757,Shelley Devorill,sdevorilll0@washington.edu,Admin,Online
758,Murdock Sparks,msparksl1@cornell.edu,Admin,Online
759,Tracey Callear,tcallearl2@psu.edu,Super Admin,Online
760,Steffie Trigwell,strigwelll3@google.it,Super Admin,Offline
761,Sheeree Houldcroft,shouldcroftl4@ucsd.edu,Admin,Offline
762,Penn Brent,pbrentl5@cyberchimps.com,Admin,Offline
763,Curr Medendorp,cmedendorpl6@homestead.com,Admin,Offline
764,Daren Hursey,dhurseyl7@deviantart.com,Super Admin,Online
765,Horton Lippingwell,hlippingwelll8@dedecms.com,Super Admin,Offline
766,Koren Sheridan,ksheridanl9@taobao.com,Super Admin,Offline
767,Hirsch Bowdler,hbowdlerla@oakley.com,Super Admin,Online
768,Nancee Downe,ndownelb@harvard.edu,Admin,Online
769,Meggie Grob,mgroblc@marketwatch.com,Super Admin,Online
770,Tallou Matuszkiewicz,tmatuszkiewiczld@telegraph.co.uk,Super Admin,Offline
771,Rebe Haysham,rhayshamle@cmu.edu,Admin,Offline
772,Beverley Toolin,btoolinlf@123-reg.co.uk,Super Admin,Online
773,Nananne Yepiskopov,nyepiskopovlg@jiathis.com,Admin,Online
774,Brooks Wormleighton,bwormleightonlh@gizmodo.com,Super Admin,Offline
775,Glennis Crate,gcrateli@nasa.gov,Admin,Offline
776,Etty Marler,emarlerlj@digg.com,Super Admin,Offline
777,Alphonse Lere,alerelk@opensource.org,Super Admin,Online
778,Read Quarrie,rquarriell@go.com,Super Admin,Offline
779,Ashlee De Fries,adelm@sina.com.cn,Admin,Offline
780,Janine Walmsley,jwalmsleyln@cbsnews.com,Admin,Online
781,Cecilio Norree,cnorreelo@umn.edu,Admin,Online
782,Armin Bloy,abloylp@facebook.com,Super Admin,Online
783,Violette Reymers,vreymerslq@nih.gov,Super Admin,Offline
784,Leanna Primo,lprimolr@mayoclinic.com,Super Admin,Online
785,Harriott Gout,hgoutls@phoca.cz,Admin,Online
786,Anatole Marquez,amarquezlt@intel.com,Admin,Offline
787,Kelly Chapellow,kchapellowlu@merriam-webster.com,Admin,Offline
788,Karee Ondra,kondralv@chron.com,Admin,Offline
789,Kaylyn Howler,khowlerlw@nationalgeographic.com,Super Admin,Online
790,Enoch Hanscom,ehanscomlx@flavors.me,Super Admin,Offline
791,Shirl Grenter,sgrenterly@multiply.com,Admin,Online
792,Codi Ingrem,cingremlz@ustream.tv,Admin,Online
793,Lars Boycott,lboycottm0@jiathis.com,Super Admin,Offline
794,Yehudit Gemlett,ygemlettm1@yandex.ru,Admin,Offline
795,Malissa Jiri,mjirim2@clickbank.net,Admin,Online
796,Cissy Benzie,cbenziem3@ucsd.edu,Admin,Offline
797,Manon Spandley,mspandleym4@nsw.gov.au,Admin,Online
798,Shirline Dutt,sduttm5@ovh.net,Admin,Offline
799,Mitchael Aloigi,maloigim6@mlb.com,Admin,Online
800,Laureen Lowfill,llowfillm7@odnoklassniki.ru,Super Admin,Online
801,Inger Andryszczak,iandryszczakm8@amazon.com,Super Admin,Online
802,Lefty Pantecost,lpantecostm9@vinaora.com,Super Admin,Offline
803,Findlay Schooley,fschooleyma@alibaba.com,Super Admin,Offline
804,Shea Crame,scramemb@indiatimes.com,Admin,Offline
805,Sharline Gilson,sgilsonmc@facebook.com,Admin,Online
806,Oswell Lippini,olippinimd@sohu.com,Super Admin,Offline
807,Shoshanna Haskayne,shaskayneme@fotki.com,Admin,Online
808,Stern Basek,sbasekmf@columbia.edu,Admin,Offline
809,Dunn Kreutzer,dkreutzermg@who.int,Admin,Online
810,Sayers Stoyle,sstoylemh@nyu.edu,Admin,Online
811,Bogart Monkeman,bmonkemanmi@google.de,Super Admin,Online
812,Hy Machen,hmachenmj@ted.com,Admin,Online
813,Alfonso Belin,abelinmk@mozilla.org,Admin,Online
814,Kenon Buckenham,kbuckenhamml@unicef.org,Admin,Online
815,Cordell Bilofsky,cbilofskymm@wikispaces.com,Admin,Online
816,Juditha Palfery,jpalferymn@miitbeian.gov.cn,Admin,Offline
817,Ky Blaydon,kblaydonmo@tumblr.com,Super Admin,Offline
818,Dyane Taylot,dtaylotmp@delicious.com,Admin,Offline
819,Massimiliano Palfreyman,mpalfreymanmq@un.org,Admin,Offline
820,Yorgo Atack,yatackmr@ed.gov,Admin,Online
821,Bartie Mitrovic,bmitrovicms@sciencedirect.com,Super Admin,Online
822,Carol-jean Mully,cmullymt@netscape.com,Super Admin,Offline
823,Temp Osgorby,tosgorbymu@wired.com,Super Admin,Offline
824,Pamelina Whild,pwhildmv@studiopress.com,Admin,Offline
825,Schuyler Braiden,sbraidenmw@acquirethisname.com,Admin,Online
826,Quinlan Fassbender,qfassbendermx@163.com,Super Admin,Online
827,Kellen Willox,kwilloxmy@freewebs.com,Super Admin,Online
828,Morrie Rodear,mrodearmz@reddit.com,Admin,Offline
829,Rosemonde Corish,rcorishn0@google.co.uk,Super Admin,Online
830,Rozelle Benezeit,rbenezeitn1@booking.com,Admin,Online
831,Tulley Putterill,tputterilln2@ustream.tv,Super Admin,Online
832,Byrom Cawcutt,bcawcuttn3@seattletimes.com,Super Admin,Online
833,Justinn Blunderfield,jblunderfieldn4@oracle.com,Admin,Online
834,Barbra Benson,bbensonn5@miitbeian.gov.cn,Super Admin,Online
835,Thorstein Rosenberger,trosenbergern6@delicious.com,Super Admin,Offline
836,Riki Snaith,rsnaithn7@nytimes.com,Admin,Online
837,Susan Farrear,sfarrearn8@slate.com,Super Admin,Offline
838,Lesly Denziloe,ldenziloen9@wiley.com,Super Admin,Offline
839,Tanner Vezey,tvezeyna@weibo.com,Super Admin,Online
840,Gene Hinemoor,ghinemoornb@homestead.com,Super Admin,Offline
841,Sharon Kobiela,skobielanc@alibaba.com,Super Admin,Offline
842,Kalle Baptist,kbaptistnd@psu.edu,Admin,Offline
843,Berti Woodyer,bwoodyerne@prnewswire.com,Super Admin,Online
844,Hettie Flynn,hflynnnf@wikia.com,Super Admin,Offline
845,Lauryn Snowsill,lsnowsillng@skype.com,Admin,Offline
846,Kit Pitkaithly,kpitkaithlynh@wordpress.com,Admin,Offline
847,Tomas Woolstenholmes,twoolstenholmesni@sourceforge.net,Super Admin,Offline
848,Arlyne Gowry,agowrynj@1688.com,Admin,Online
849,Ruth Iannetti,riannettink@engadget.com,Admin,Offline
850,Nikki Hubach,nhubachnl@bloomberg.com,Super Admin,Online
851,Jacobo Attock,jattocknm@seesaa.net,Admin,Online
852,Gearalt Valentin,gvalentinnn@rambler.ru,Admin,Offline
853,Cyndia Severy,cseveryno@disqus.com,Admin,Online
854,Jakie Yellowlea,jyellowleanp@google.nl,Super Admin,Online
855,Melvin Salla,msallanq@gravatar.com,Super Admin,Online
856,Karrie Poure,kpourenr@craigslist.org,Admin,Offline
857,Christa Luckman,cluckmanns@sfgate.com,Super Admin,Online
858,Filippo MacTerlagh,fmacterlaghnt@livejournal.com,Super Admin,Online
859,Skip Najafian,snajafiannu@loc.gov,Super Admin,Offline
860,Oswell O'Doogan,oodoogannv@loc.gov,Super Admin,Offline
861,Carolan Oates,coatesnw@yahoo.com,Super Admin,Offline
862,Rheta Ferrick,rferricknx@cnbc.com,Super Admin,Online
863,Tomaso Reede,treedeny@sciencedirect.com,Admin,Online
864,Ondrea Metzke,ometzkenz@de.vu,Admin,Online
865,Olympie Sullly,osulllyo0@dell.com,Super Admin,Online
866,Rebeka Inglis,ringliso1@tinyurl.com,Admin,Offline
867,Barry Lafaye,blafayeo2@eventbrite.com,Admin,Offline
868,Hakeem O'Currigan,hocurrigano3@irs.gov,Admin,Online
869,Merilee Fermoy,mfermoyo4@yelp.com,Super Admin,Online
870,Maurizio Goodlatt,mgoodlatto5@tiny.cc,Super Admin,Online
871,Billy Hanshawe,bhanshaweo6@spotify.com,Super Admin,Offline
872,Brenn Caltera,bcalterao7@engadget.com,Super Admin,Offline
873,Nollie Kilfether,nkilfethero8@unicef.org,Admin,Offline
874,Janek Qualtrough,jqualtrougho9@nytimes.com,Admin,Online
875,Thorvald Larmouth,tlarmouthoa@state.tx.us,Super Admin,Online
876,Madelle Boncoeur,mboncoeurob@fda.gov,Super Admin,Offline
877,Correna Errowe,cerroweoc@github.com,Admin,Online
878,Eudora Pate,epateod@craigslist.org,Admin,Online
879,Nickolai Patel,npateloe@tinypic.com,Super Admin,Online
880,Dugald Hartzogs,dhartzogsof@apple.com,Super Admin,Online
881,Killy Upwood,kupwoodog@free.fr,Admin,Online
882,Raoul Deuss,rdeussoh@histats.com,Super Admin,Offline
883,Trev Crozier,tcrozieroi@scientificamerican.com,Admin,Online
884,Francklin Acom,facomoj@purevolume.com,Admin,Online
885,Edeline Waslin,ewaslinok@networkadvertising.org,Super Admin,Offline
886,Oralie Giovani,ogiovaniol@yahoo.co.jp,Admin,Offline
887,Towny Tew,ttewom@cam.ac.uk,Super Admin,Online
888,Alphonse Paybody,apaybodyon@timesonline.co.uk,Admin,Online
889,Rubina Rozier,rrozieroo@youtube.com,Super Admin,Offline
890,Malynda Brooksbie,mbrooksbieop@apache.org,Super Admin,Offline
891,Nicolais Skeates,nskeatesoq@phpbb.com,Admin,Online
892,Cyb O'Sheils,cosheilsor@amazon.co.jp,Super Admin,Online
893,Bernete Levey,bleveyos@newyorker.com,Admin,Offline
894,Jeffie Treend,jtreendot@ihg.com,Super Admin,Online
895,Kip Peake,kpeakeou@angelfire.com,Admin,Offline
896,Melisande Turvie,mturvieov@unesco.org,Admin,Online
897,Carlota Ivachyov,civachyovow@tripod.com,Super Admin,Offline
898,Berke O'Heaney,boheaneyox@gizmodo.com,Admin,Offline
899,Ebeneser Shorten,eshortenoy@cloudflare.com,Admin,Offline
900,Humbert Narup,hnarupoz@eventbrite.com,Admin,Online
901,Zarla Cowin,zcowinp0@umn.edu,Admin,Online
902,Jeanine Harpin,jharpinp1@booking.com,Super Admin,Offline
903,Theobald Sabine,tsabinep2@google.it,Admin,Online
904,Andres Tregonna,atregonnap3@i2i.jp,Super Admin,Offline
905,Emmett Greggor,egreggorp4@usatoday.com,Admin,Offline
906,Nestor Slayny,nslaynyp5@jigsy.com,Super Admin,Offline
907,Jerome Jemison,jjemisonp6@blinklist.com,Super Admin,Offline
908,Teresa Rubinow,trubinowp7@privacy.gov.au,Admin,Offline
909,Lani Domelow,ldomelowp8@theatlantic.com,Super Admin,Offline
910,Winfield Lafferty,wlaffertyp9@miitbeian.gov.cn,Admin,Online
911,Conn Fuchs,cfuchspa@reddit.com,Admin,Online
912,Hallsy Storah,hstorahpb@networksolutions.com,Admin,Online
913,Mariska Moxham,mmoxhampc@netscape.com,Admin,Offline
914,Brigid Le Monnier,blepd@pbs.org,Super Admin,Online
915,Josephina Jupp,jjupppe@google.it,Super Admin,Offline
916,Hillary Verecker,hvereckerpf@hud.gov,Super Admin,Online
917,Benedict Latan,blatanpg@seesaa.net,Super Admin,Online
918,Kriste Snelman,ksnelmanph@illinois.edu,Admin,Online
919,Lucilia Freeberne,lfreebernepi@networksolutions.com,Admin,Online
920,Lezley Stichall,lstichallpj@vinaora.com,Super Admin,Offline
921,Frank Zanotti,fzanottipk@bbb.org,Admin,Online
922,Marchelle Bausor,mbausorpl@so-net.ne.jp,Super Admin,Offline
923,Bradan Jessen,bjessenpm@amazonaws.com,Admin,Offline
924,Reggi Paty,rpatypn@4shared.com,Super Admin,Offline
925,Leeann Hawse,lhawsepo@flickr.com,Super Admin,Offline
926,Mirabella Oldcote,moldcotepp@umn.edu,Admin,Online
927,Cassius Bywaters,cbywaterspq@opera.com,Admin,Offline
928,Doreen Cawsey,dcawseypr@dmoz.org,Admin,Offline
929,Rodrique Leah,rleahps@ebay.com,Admin,Offline
930,Coral Crowther,ccrowtherpt@cloudflare.com,Admin,Offline
931,Pat Chaddock,pchaddockpu@mysql.com,Super Admin,Online
932,Mordy Rossetti,mrossettipv@reuters.com,Admin,Offline
933,Caril Beare,cbearepw@google.cn,Super Admin,Offline
934,Jereme Bavidge,jbavidgepx@toplist.cz,Admin,Online
935,Rance Dell 'Orto,rdellpy@bloglines.com,Admin,Offline
936,Angelika Elsay,aelsaypz@unc.edu,Super Admin,Offline
937,Kalie Ropkes,kropkesq0@cpanel.net,Super Admin,Offline
938,Jeramey Vittery,jvitteryq1@addtoany.com,Admin,Online
939,Cam Hall-Gough,challgoughq2@huffingtonpost.com,Super Admin,Offline
940,Correna Feige,cfeigeq3@businessinsider.com,Super Admin,Online
941,Natty Apfler,napflerq4@live.com,Admin,Offline
942,Conny Hulstrom,chulstromq5@infoseek.co.jp,Super Admin,Online
943,Fina Bilney,fbilneyq6@weather.com,Admin,Offline
944,Maurene Grisenthwaite,mgrisenthwaiteq7@imdb.com,Admin,Online
945,Helena Kingswood,hkingswoodq8@multiply.com,Super Admin,Online
946,Jami Pietroni,jpietroniq9@washingtonpost.com,Super Admin,Online
947,Nev Browell,nbrowellqa@bravesites.com,Super Admin,Offline
948,Jeff Coneau,jconeauqb@gravatar.com,Admin,Online
949,Nefen Stewartson,nstewartsonqc@shop-pro.jp,Admin,Offline
950,Cherilyn Whatling,cwhatlingqd@printfriendly.com,Admin,Online
951,Minni Riteley,mriteleyqe@typepad.com,Super Admin,Online
952,Berny Woodson,bwoodsonqf@tmall.com,Admin,Offline
953,Ardath Tocque,atocqueqg@globo.com,Super Admin,Offline
954,Sanford Braund,sbraundqh@xing.com,Super Admin,Online
955,Manon Hayter,mhayterqi@sbwire.com,Admin,Online
956,Farly Perocci,fperocciqj@berkeley.edu,Super Admin,Online
957,Rosabella Eagles,reaglesqk@cafepress.com,Admin,Offline
958,Avril Wibrow,awibrowql@examiner.com,Super Admin,Offline
959,Armin Semrad,asemradqm@indiegogo.com,Super Admin,Offline
960,Veronique Oyley,voyleyqn@com.com,Super Admin,Offline
961,Flint Meece,fmeeceqo@imageshack.us,Super Admin,Online
962,Oswell Kyttor,okyttorqp@xrea.com,Super Admin,Offline
963,Nell Ritson,nritsonqq@biblegateway.com,Admin,Online
964,Persis Leggett,pleggettqr@weather.com,Admin,Online
965,Jarad Reasce,jreasceqs@dailymail.co.uk,Super Admin,Online
966,Maren Antecki,manteckiqt@msu.edu,Super Admin,Offline
967,Ranice Richardt,rrichardtqu@feedburner.com,Super Admin,Online
968,Mindy Rickeard,mrickeardqv@biglobe.ne.jp,Super Admin,Online
969,Reade Sage,rsageqw@sciencedirect.com,Admin,Offline
970,Erastus Quiddihy,equiddihyqx@toplist.cz,Admin,Offline
971,Allan Ryles,arylesqy@csmonitor.com,Super Admin,Offline
972,Shem Hawe,shaweqz@jugem.jp,Super Admin,Online
973,Alisander Talbot,atalbotr0@ehow.com,Super Admin,Offline
974,Clifford Jell,cjellr1@hc360.com,Super Admin,Offline
975,Perceval Matterson,pmattersonr2@prlog.org,Super Admin,Offline
976,Stevie Pardie,spardier3@newsvine.com,Super Admin,Offline
977,Janice De Beauchemp,jder4@huffingtonpost.com,Super Admin,Online
978,Brianne Jerzak,bjerzakr5@dailymotion.com,Admin,Online
979,Lissy Tite,ltiter6@stanford.edu,Super Admin,Online
980,Guenna Frier,gfrierr7@tinypic.com,Admin,Online
981,Sandy Lyste,slyster8@free.fr,Super Admin,Online
982,Katharine Bywater,kbywaterr9@zdnet.com,Super Admin,Online
983,Waneta Rowlin,wrowlinra@mit.edu,Super Admin,Online
984,Melva St. Pierre,mstrb@jugem.jp,Super Admin,Offline
985,Silvanus Neilly,sneillyrc@smh.com.au,Admin,Online
986,Margette Dibdall,mdibdallrd@reverbnation.com,Super Admin,Offline
987,Alfredo Penburton,apenburtonre@ezinearticles.com,Super Admin,Offline
988,Reube Style,rstylerf@live.com,Admin,Offline
989,Maribel Drinkhill,mdrinkhillrg@surveymonkey.com,Super Admin,Offline
990,Peri Grix,pgrixrh@icio.us,Super Admin,Offline
991,Minetta Bonnefin,mbonnefinri@sciencedirect.com,Admin,Online
992,Leanor Rosetti,lrosettirj@nbcnews.com,Admin,Online
993,Ezra Stenbridge,estenbridgerk@aboutads.info,Super Admin,Offline
994,Julissa Haughian,jhaughianrl@ca.gov,Super Admin,Offline
995,Katuscha Bancroft,kbancroftrm@discovery.com,Admin,Offline
996,Baillie Mandrake,bmandrakern@networkadvertising.org,Admin,Offline
997,Lorelle Dorie,ldoriero@prweb.com,Super Admin,Offline
998,Angy Mc Dermid,amcrp@mapy.cz,Super Admin,Online
999,Darda oldey,doldeyrq@cocolog-nifty.com,Admin,Offline
1000,Dore Galloway,dgallowayrr@google.fr,Super Admin,Offline
